Sat Oct 22 16:57:47 UTC 2022,utilities,no-units,base,838840
Sat Oct 22 16:58:08 UTC 2022,utilities,nholthaus,base,3181974
Sat Oct 22 16:58:30 UTC 2022,utilities,nholthaus,noio,2500146
Sat Oct 22 16:58:51 UTC 2022,utilities,nholthaus,split,1230330
Sat Oct 22 16:59:11 UTC 2022,utilities,au,base,1482131
Sat Oct 22 16:59:52 UTC 2022,utilities,au,noio,1369644
Sat Oct 22 17:00:14 UTC 2022,utilities,au,split,1137860
Sat Oct 22 17:01:41 UTC 2022,test_file,no-units,base,2915015
Sat Oct 22 17:02:06 UTC 2022,test_file,nholthaus,base,5847412
Sat Oct 22 17:02:32 UTC 2022,test_file,nholthaus,noio,5486560
Sat Oct 22 17:02:58 UTC 2022,test_file,nholthaus,split,3789611
Sat Oct 22 17:03:25 UTC 2022,test_file,au,base,4030966
Sat Oct 22 17:04:18 UTC 2022,test_file,au,noio,3945730
Sat Oct 22 17:04:43 UTC 2022,test_file,au,split,3519781
Sat Oct 22 17:06:27 UTC 2022,utilities,no-units,base,859604
Sat Oct 22 17:06:47 UTC 2022,utilities,nholthaus,base,3176425
Sat Oct 22 17:07:09 UTC 2022,utilities,nholthaus,noio,2491456
Sat Oct 22 17:07:31 UTC 2022,utilities,nholthaus,split,1222408
Sat Oct 22 17:07:51 UTC 2022,utilities,au,base,1478835
Sat Oct 22 17:08:32 UTC 2022,utilities,au,noio,1370269
Sat Oct 22 17:08:53 UTC 2022,utilities,au,split,1145402
Sat Oct 22 17:10:19 UTC 2022,test_file,no-units,base,3176798
Sat Oct 22 17:10:44 UTC 2022,test_file,nholthaus,base,5795990
Sat Oct 22 17:11:09 UTC 2022,test_file,nholthaus,noio,4851085
Sat Oct 22 17:11:34 UTC 2022,test_file,nholthaus,split,3515772
Sat Oct 22 17:11:59 UTC 2022,test_file,au,base,3885105
Sat Oct 22 17:12:48 UTC 2022,test_file,au,noio,3663031
Sat Oct 22 17:13:13 UTC 2022,test_file,au,split,3625094
Sat Oct 22 17:14:54 UTC 2022,utilities,no-units,base,845260
Sat Oct 22 17:15:14 UTC 2022,utilities,nholthaus,base,3194373
Sat Oct 22 17:15:35 UTC 2022,utilities,nholthaus,noio,2502403
Sat Oct 22 17:15:57 UTC 2022,utilities,nholthaus,split,1226877
Sat Oct 22 17:16:17 UTC 2022,utilities,au,base,1479185
Sat Oct 22 17:16:58 UTC 2022,utilities,au,noio,1373347
Sat Oct 22 17:17:18 UTC 2022,utilities,au,split,1141897
Sat Oct 22 17:18:44 UTC 2022,test_file,no-units,base,2892792
Sat Oct 22 17:19:10 UTC 2022,test_file,nholthaus,base,5812347
Sat Oct 22 17:19:35 UTC 2022,test_file,nholthaus,noio,5171482
Sat Oct 22 17:19:59 UTC 2022,test_file,nholthaus,split,3209115
Sat Oct 22 17:20:24 UTC 2022,test_file,au,base,3729642
Sat Oct 22 17:21:14 UTC 2022,test_file,au,noio,3539750
Sat Oct 22 17:21:39 UTC 2022,test_file,au,split,3362783
Sat Oct 22 17:23:19 UTC 2022,utilities,no-units,base,856177
Sat Oct 22 17:23:39 UTC 2022,utilities,nholthaus,base,3159283
Sat Oct 22 17:24:01 UTC 2022,utilities,nholthaus,noio,2503788
Sat Oct 22 17:24:22 UTC 2022,utilities,nholthaus,split,1221859
Sat Oct 22 17:24:42 UTC 2022,utilities,au,base,1475454
Sat Oct 22 17:25:24 UTC 2022,utilities,au,noio,1375064
Sat Oct 22 17:25:44 UTC 2022,utilities,au,split,1146608
Sat Oct 22 17:27:16 UTC 2022,test_file,no-units,base,5260557
Sat Oct 22 17:27:45 UTC 2022,test_file,nholthaus,base,7120120
Sat Oct 22 17:28:17 UTC 2022,test_file,nholthaus,noio,5396671
Sat Oct 22 17:28:48 UTC 2022,test_file,nholthaus,split,5399209
Sat Oct 22 17:29:16 UTC 2022,test_file,au,base,3774881
Sat Oct 22 17:30:17 UTC 2022,test_file,au,noio,3803975
Sat Oct 22 17:30:45 UTC 2022,test_file,au,split,4068525
Sat Oct 22 17:32:36 UTC 2022,utilities,no-units,base,852195
Sat Oct 22 17:32:56 UTC 2022,utilities,nholthaus,base,3199110
Sat Oct 22 17:33:18 UTC 2022,utilities,nholthaus,noio,2488017
Sat Oct 22 17:33:40 UTC 2022,utilities,nholthaus,split,1224777
Sat Oct 22 17:34:00 UTC 2022,utilities,au,base,1494082
Sat Oct 22 17:34:41 UTC 2022,utilities,au,noio,1386109
Sat Oct 22 17:35:01 UTC 2022,utilities,au,split,1154391
Sat Oct 22 17:36:25 UTC 2022,test_file,no-units,base,2722782
Sat Oct 22 17:36:50 UTC 2022,test_file,nholthaus,base,5841552
Sat Oct 22 17:37:16 UTC 2022,test_file,nholthaus,noio,5231645
Sat Oct 22 17:37:41 UTC 2022,test_file,nholthaus,split,3186208
Sat Oct 22 17:38:05 UTC 2022,test_file,au,base,3768408
Sat Oct 22 17:38:56 UTC 2022,test_file,au,noio,3455394
Sat Oct 22 17:39:21 UTC 2022,test_file,au,split,3353119
Sat Oct 22 17:41:01 UTC 2022,utilities,no-units,base,860271
Sat Oct 22 17:41:21 UTC 2022,utilities,nholthaus,base,3180212
Sat Oct 22 17:41:44 UTC 2022,utilities,nholthaus,noio,2508262
Sat Oct 22 17:42:06 UTC 2022,utilities,nholthaus,split,1223975
Sat Oct 22 17:42:26 UTC 2022,utilities,au,base,1477196
Sat Oct 22 17:43:08 UTC 2022,utilities,au,noio,1370881
Sat Oct 22 17:43:28 UTC 2022,utilities,au,split,1138948
Sat Oct 22 17:44:54 UTC 2022,test_file,no-units,base,3160620
Sat Oct 22 17:45:20 UTC 2022,test_file,nholthaus,base,5454734
Sat Oct 22 17:45:45 UTC 2022,test_file,nholthaus,noio,5213150
Sat Oct 22 17:46:10 UTC 2022,test_file,nholthaus,split,3666549
Sat Oct 22 17:46:36 UTC 2022,test_file,au,base,3656432
Sat Oct 22 17:47:26 UTC 2022,test_file,au,noio,3823143
Sat Oct 22 17:47:52 UTC 2022,test_file,au,split,3293622
Sat Oct 22 17:49:32 UTC 2022,utilities,no-units,base,852624
Sat Oct 22 17:49:51 UTC 2022,utilities,nholthaus,base,3164865
Sat Oct 22 17:50:13 UTC 2022,utilities,nholthaus,noio,2500596
Sat Oct 22 17:50:35 UTC 2022,utilities,nholthaus,split,1226107
Sat Oct 22 17:50:55 UTC 2022,utilities,au,base,1491596
Sat Oct 22 17:51:35 UTC 2022,utilities,au,noio,1381288
Sat Oct 22 17:51:56 UTC 2022,utilities,au,split,1142816
Sat Oct 22 17:53:21 UTC 2022,test_file,no-units,base,3024725
Sat Oct 22 17:53:46 UTC 2022,test_file,nholthaus,base,5559866
Sat Oct 22 17:54:11 UTC 2022,test_file,nholthaus,noio,5172947
Sat Oct 22 17:54:36 UTC 2022,test_file,nholthaus,split,3554618
Sat Oct 22 17:55:01 UTC 2022,test_file,au,base,3483149
Sat Oct 22 17:55:50 UTC 2022,test_file,au,noio,3799208
Sat Oct 22 17:56:15 UTC 2022,test_file,au,split,3143583
Sat Oct 22 17:57:55 UTC 2022,utilities,no-units,base,856192
Sat Oct 22 17:58:15 UTC 2022,utilities,nholthaus,base,3169722
Sat Oct 22 17:58:37 UTC 2022,utilities,nholthaus,noio,2487364
Sat Oct 22 17:58:59 UTC 2022,utilities,nholthaus,split,1239576
Sat Oct 22 17:59:18 UTC 2022,utilities,au,base,1493858
Sat Oct 22 17:59:58 UTC 2022,utilities,au,noio,1380076
Sat Oct 22 18:00:18 UTC 2022,utilities,au,split,1142973
Sat Oct 22 18:01:42 UTC 2022,test_file,no-units,base,2852920
Sat Oct 22 18:02:07 UTC 2022,test_file,nholthaus,base,5434923
Sat Oct 22 18:02:32 UTC 2022,test_file,nholthaus,noio,5142642
Sat Oct 22 18:02:57 UTC 2022,test_file,nholthaus,split,3424102
Sat Oct 22 18:03:22 UTC 2022,test_file,au,base,3710953
Sat Oct 22 18:04:11 UTC 2022,test_file,au,noio,3430815
Sat Oct 22 18:04:35 UTC 2022,test_file,au,split,2957282
Sat Oct 22 18:06:16 UTC 2022,utilities,no-units,base,862345
Sat Oct 22 18:06:35 UTC 2022,utilities,nholthaus,base,3167806
Sat Oct 22 18:06:57 UTC 2022,utilities,nholthaus,noio,2511107
Sat Oct 22 18:07:18 UTC 2022,utilities,nholthaus,split,1238930
Sat Oct 22 18:07:38 UTC 2022,utilities,au,base,1485524
Sat Oct 22 18:08:18 UTC 2022,utilities,au,noio,1377358
Sat Oct 22 18:08:38 UTC 2022,utilities,au,split,1157884
Sat Oct 22 18:10:04 UTC 2022,test_file,no-units,base,3241123
Sat Oct 22 18:10:30 UTC 2022,test_file,nholthaus,base,5706571
Sat Oct 22 18:10:55 UTC 2022,test_file,nholthaus,noio,5421120
Sat Oct 22 18:11:21 UTC 2022,test_file,nholthaus,split,3404904
Sat Oct 22 18:11:47 UTC 2022,test_file,au,base,3697523
Sat Oct 22 18:12:39 UTC 2022,test_file,au,noio,4108882
Sat Oct 22 18:13:05 UTC 2022,test_file,au,split,3076156
Sat Oct 22 18:14:51 UTC 2022,utilities,no-units,base,858072
Sat Oct 22 18:15:11 UTC 2022,utilities,nholthaus,base,3167864
Sat Oct 22 18:15:34 UTC 2022,utilities,nholthaus,noio,2515251
Sat Oct 22 18:15:56 UTC 2022,utilities,nholthaus,split,1250656
Sat Oct 22 18:16:17 UTC 2022,utilities,au,base,1475143
Sat Oct 22 18:16:59 UTC 2022,utilities,au,noio,1378284
Sat Oct 22 18:17:20 UTC 2022,utilities,au,split,1138708
Sat Oct 22 18:18:49 UTC 2022,test_file,no-units,base,2705681
Sat Oct 22 18:19:17 UTC 2022,test_file,nholthaus,base,5943314
Sat Oct 22 18:19:44 UTC 2022,test_file,nholthaus,noio,5897849
Sat Oct 22 18:20:12 UTC 2022,test_file,nholthaus,split,4101845
Sat Oct 22 18:20:41 UTC 2022,test_file,au,base,4736050
Sat Oct 22 18:21:34 UTC 2022,test_file,au,noio,3804357
Sat Oct 22 18:22:03 UTC 2022,test_file,au,split,3388730
Sat Oct 22 18:23:54 UTC 2022,utilities,no-units,base,882723
Sat Oct 22 18:24:14 UTC 2022,utilities,nholthaus,base,3165138
Sat Oct 22 18:24:37 UTC 2022,utilities,nholthaus,noio,2496739
Sat Oct 22 18:24:59 UTC 2022,utilities,nholthaus,split,1229786
Sat Oct 22 18:25:20 UTC 2022,utilities,au,base,1487289
Sat Oct 22 18:26:01 UTC 2022,utilities,au,noio,1374738
Sat Oct 22 18:26:22 UTC 2022,utilities,au,split,1130336
Sat Oct 22 18:27:52 UTC 2022,test_file,no-units,base,3491297
Sat Oct 22 18:28:19 UTC 2022,test_file,nholthaus,base,5468303
Sat Oct 22 18:28:46 UTC 2022,test_file,nholthaus,noio,4975352
Sat Oct 22 18:29:12 UTC 2022,test_file,nholthaus,split,4247609
Sat Oct 22 18:29:40 UTC 2022,test_file,au,base,3958860
Sat Oct 22 18:30:33 UTC 2022,test_file,au,noio,3983908
Sat Oct 22 18:30:59 UTC 2022,test_file,au,split,4296767
Sat Oct 22 18:32:45 UTC 2022,utilities,no-units,base,855921
Sat Oct 22 18:33:05 UTC 2022,utilities,nholthaus,base,3172389
Sat Oct 22 18:33:27 UTC 2022,utilities,nholthaus,noio,2504413
Sat Oct 22 18:33:49 UTC 2022,utilities,nholthaus,split,1225858
Sat Oct 22 18:34:10 UTC 2022,utilities,au,base,1477265
Sat Oct 22 18:34:52 UTC 2022,utilities,au,noio,1381621
Sat Oct 22 18:35:13 UTC 2022,utilities,au,split,1139048
Sat Oct 22 18:36:41 UTC 2022,test_file,no-units,base,3327638
Sat Oct 22 18:37:10 UTC 2022,test_file,nholthaus,base,6152427
Sat Oct 22 18:37:36 UTC 2022,test_file,nholthaus,noio,4989700
Sat Oct 22 18:38:02 UTC 2022,test_file,nholthaus,split,3254778
Sat Oct 22 18:38:28 UTC 2022,test_file,au,base,4121322
Sat Oct 22 18:39:20 UTC 2022,test_file,au,noio,4096809
Sat Oct 22 18:39:45 UTC 2022,test_file,au,split,3650919
Sat Oct 22 18:41:30 UTC 2022,utilities,no-units,base,851185
Sat Oct 22 18:41:51 UTC 2022,utilities,nholthaus,base,3162871
Sat Oct 22 18:42:13 UTC 2022,utilities,nholthaus,noio,2508156
Sat Oct 22 18:42:35 UTC 2022,utilities,nholthaus,split,1221527
Sat Oct 22 18:42:55 UTC 2022,utilities,au,base,1495110
Sat Oct 22 18:43:36 UTC 2022,utilities,au,noio,1389259
Sat Oct 22 18:43:56 UTC 2022,utilities,au,split,1142832
Sat Oct 22 18:45:24 UTC 2022,test_file,no-units,base,2835956
Sat Oct 22 18:45:50 UTC 2022,test_file,nholthaus,base,5825406
Sat Oct 22 18:46:16 UTC 2022,test_file,nholthaus,noio,4659598
Sat Oct 22 18:46:42 UTC 2022,test_file,nholthaus,split,3824320
Sat Oct 22 18:47:08 UTC 2022,test_file,au,base,4179386
Sat Oct 22 18:47:58 UTC 2022,test_file,au,noio,3882795
Sat Oct 22 18:48:24 UTC 2022,test_file,au,split,3562304
Sat Oct 22 18:50:07 UTC 2022,utilities,no-units,base,858251
Sat Oct 22 18:50:27 UTC 2022,utilities,nholthaus,base,3188225
Sat Oct 22 18:50:49 UTC 2022,utilities,nholthaus,noio,2503031
Sat Oct 22 18:51:10 UTC 2022,utilities,nholthaus,split,1230969
Sat Oct 22 18:51:30 UTC 2022,utilities,au,base,1484983
Sat Oct 22 18:52:11 UTC 2022,utilities,au,noio,1386089
Sat Oct 22 18:52:32 UTC 2022,utilities,au,split,1145773
Sat Oct 22 18:53:59 UTC 2022,test_file,no-units,base,3132209
Sat Oct 22 18:54:25 UTC 2022,test_file,nholthaus,base,5834494
Sat Oct 22 18:54:50 UTC 2022,test_file,nholthaus,noio,5045906
Sat Oct 22 18:55:16 UTC 2022,test_file,nholthaus,split,3259480
Sat Oct 22 18:55:41 UTC 2022,test_file,au,base,3877777
Sat Oct 22 18:56:33 UTC 2022,test_file,au,noio,4156529
Sat Oct 22 18:56:59 UTC 2022,test_file,au,split,3246939
Sat Oct 22 18:58:44 UTC 2022,utilities,no-units,base,862335
Sat Oct 22 18:59:04 UTC 2022,utilities,nholthaus,base,3186212
Sat Oct 22 18:59:27 UTC 2022,utilities,nholthaus,noio,2492505
Sat Oct 22 18:59:48 UTC 2022,utilities,nholthaus,split,1230926
Sat Oct 22 19:00:08 UTC 2022,utilities,au,base,1479839
Sat Oct 22 19:00:50 UTC 2022,utilities,au,noio,1378757
Sat Oct 22 19:01:10 UTC 2022,utilities,au,split,1176512
Sat Oct 22 19:02:35 UTC 2022,test_file,no-units,base,2989992
Sat Oct 22 19:03:00 UTC 2022,test_file,nholthaus,base,5695696
Sat Oct 22 19:03:25 UTC 2022,test_file,nholthaus,noio,5186812
Sat Oct 22 19:03:50 UTC 2022,test_file,nholthaus,split,3336678
Sat Oct 22 19:04:15 UTC 2022,test_file,au,base,3932184
Sat Oct 22 19:05:06 UTC 2022,test_file,au,noio,3763694
Sat Oct 22 19:05:33 UTC 2022,test_file,au,split,3495768
Sat Oct 22 19:07:16 UTC 2022,utilities,no-units,base,854793
Sat Oct 22 19:07:36 UTC 2022,utilities,nholthaus,base,3131930
Sat Oct 22 19:07:58 UTC 2022,utilities,nholthaus,noio,2482420
Sat Oct 22 19:08:19 UTC 2022,utilities,nholthaus,split,1213246
Sat Oct 22 19:08:40 UTC 2022,utilities,au,base,1492142
Sat Oct 22 19:09:20 UTC 2022,utilities,au,noio,1378720
Sat Oct 22 19:09:40 UTC 2022,utilities,au,split,1145054
Sat Oct 22 19:11:05 UTC 2022,test_file,no-units,base,3142463
Sat Oct 22 19:11:31 UTC 2022,test_file,nholthaus,base,5290921
Sat Oct 22 19:11:57 UTC 2022,test_file,nholthaus,noio,5249496
Sat Oct 22 19:12:22 UTC 2022,test_file,nholthaus,split,3556718
Sat Oct 22 19:12:46 UTC 2022,test_file,au,base,3693547
Sat Oct 22 19:13:35 UTC 2022,test_file,au,noio,3819382
Sat Oct 22 19:14:00 UTC 2022,test_file,au,split,3316545
Sat Oct 22 19:15:40 UTC 2022,utilities,no-units,base,844193
Sat Oct 22 19:15:59 UTC 2022,utilities,nholthaus,base,3110297
Sat Oct 22 19:16:21 UTC 2022,utilities,nholthaus,noio,2448270
Sat Oct 22 19:16:42 UTC 2022,utilities,nholthaus,split,1216689
Sat Oct 22 19:17:01 UTC 2022,utilities,au,base,1477940
Sat Oct 22 19:17:41 UTC 2022,utilities,au,noio,1375308
Sat Oct 22 19:18:01 UTC 2022,utilities,au,split,1138030
Sat Oct 22 19:19:24 UTC 2022,test_file,no-units,base,2696359
Sat Oct 22 19:19:49 UTC 2022,test_file,nholthaus,base,5551041
Sat Oct 22 19:20:14 UTC 2022,test_file,nholthaus,noio,5081730
Sat Oct 22 19:20:39 UTC 2022,test_file,nholthaus,split,3283458
Sat Oct 22 19:21:04 UTC 2022,test_file,au,base,4252240
Sat Oct 22 19:21:53 UTC 2022,test_file,au,noio,3879344
Sat Oct 22 19:22:17 UTC 2022,test_file,au,split,3384654
Sat Oct 22 19:23:57 UTC 2022,utilities,no-units,base,827098
Sat Oct 22 19:24:16 UTC 2022,utilities,nholthaus,base,3075802
Sat Oct 22 19:24:38 UTC 2022,utilities,nholthaus,noio,2463613
Sat Oct 22 19:24:58 UTC 2022,utilities,nholthaus,split,1258571
Sat Oct 22 19:25:18 UTC 2022,utilities,au,base,1439434
Sat Oct 22 19:25:57 UTC 2022,utilities,au,noio,1353504
Sat Oct 22 19:26:18 UTC 2022,utilities,au,split,1108315
Sat Oct 22 19:27:39 UTC 2022,test_file,no-units,base,2933851
Sat Oct 22 19:28:04 UTC 2022,test_file,nholthaus,base,5291483
Sat Oct 22 19:28:28 UTC 2022,test_file,nholthaus,noio,5053073
Sat Oct 22 19:28:53 UTC 2022,test_file,nholthaus,split,3414891
Sat Oct 22 19:29:17 UTC 2022,test_file,au,base,3853996
Sat Oct 22 19:30:06 UTC 2022,test_file,au,noio,3585762
Sat Oct 22 19:30:30 UTC 2022,test_file,au,split,3411471
Sat Oct 22 19:32:09 UTC 2022,utilities,no-units,base,860551
Sat Oct 22 19:32:28 UTC 2022,utilities,nholthaus,base,3157219
Sat Oct 22 19:32:50 UTC 2022,utilities,nholthaus,noio,2494278
Sat Oct 22 19:33:11 UTC 2022,utilities,nholthaus,split,1232543
Sat Oct 22 19:33:30 UTC 2022,utilities,au,base,1466572
Sat Oct 22 19:34:10 UTC 2022,utilities,au,noio,1361963
Sat Oct 22 19:34:30 UTC 2022,utilities,au,split,1151381
Sat Oct 22 19:35:54 UTC 2022,test_file,no-units,base,2919332
Sat Oct 22 19:36:18 UTC 2022,test_file,nholthaus,base,5343002
Sat Oct 22 19:36:43 UTC 2022,test_file,nholthaus,noio,4979270
Sat Oct 22 19:37:08 UTC 2022,test_file,nholthaus,split,3755917
Sat Oct 22 19:37:33 UTC 2022,test_file,au,base,3902649
Sat Oct 22 19:38:24 UTC 2022,test_file,au,noio,3773902
Sat Oct 22 19:38:50 UTC 2022,test_file,au,split,3039519
Sat Oct 22 19:40:33 UTC 2022,utilities,no-units,base,848524
Sat Oct 22 19:40:53 UTC 2022,utilities,nholthaus,base,3132211
Sat Oct 22 19:41:14 UTC 2022,utilities,nholthaus,noio,2458996
Sat Oct 22 19:41:35 UTC 2022,utilities,nholthaus,split,1205173
Sat Oct 22 19:41:55 UTC 2022,utilities,au,base,1450234
Sat Oct 22 19:42:34 UTC 2022,utilities,au,noio,1351753
Sat Oct 22 19:42:54 UTC 2022,utilities,au,split,1128999
Sat Oct 22 19:44:23 UTC 2022,test_file,no-units,base,3077702
Sat Oct 22 19:44:48 UTC 2022,test_file,nholthaus,base,5658003
Sat Oct 22 19:45:14 UTC 2022,test_file,nholthaus,noio,5237557
Sat Oct 22 19:45:38 UTC 2022,test_file,nholthaus,split,3541177
Sat Oct 22 19:46:03 UTC 2022,test_file,au,base,3809910
Sat Oct 22 19:46:52 UTC 2022,test_file,au,noio,3725195
Sat Oct 22 19:47:16 UTC 2022,test_file,au,split,3261563
